{
  "0.0": {
    "precision": 0.6190476190476191,
    "recall": 0.5909090909090909,
    "f1-score": 0.6046511627906976,
    "support": 22.0
  },
  "1.0": {
    "precision": 0.640625,
    "recall": 0.8367346938775511,
    "f1-score": 0.7256637168141593,
    "support": 49.0
  },
  "2.0": {
    "precision": 0.88,
    "recall": 0.7764705882352941,
    "f1-score": 0.825,
    "support": 85.0
  },
  "3.0": {
    "precision": 0.8192771084337349,
    "recall": 0.7906976744186046,
    "f1-score": 0.8047337278106509,
    "support": 86.0
  },
  "4.0": {
    "precision": 0.8940677966101694,
    "recall": 0.890295358649789,
    "f1-score": 0.8921775898520085,
    "support": 237.0
  },
  "accuracy": 0.8329853862212944,
  "macro avg": {
    "precision": 0.7706035048183046,
    "recall": 0.777021481218066,
    "f1-score": 0.7704452394535033,
    "support": 479.0
  },
  "weighted avg": {
    "precision": 0.8395857447619185,
    "recall": 0.8329853862212944,
    "f1-score": 0.8343174052023614,
    "support": 479.0
  }
}