{
  "0.0": {
    "precision": 0.43902439024390244,
    "recall": 0.5454545454545454,
    "f1-score": 0.4864864864864865,
    "support": 33.0
  },
  "1.0": {
    "precision": 0.7,
    "recall": 0.7875,
    "f1-score": 0.7411764705882353,
    "support": 80.0
  },
  "2.0": {
    "precision": 0.8348623853211009,
    "recall": 0.7520661157024794,
    "f1-score": 0.7913043478260869,
    "support": 121.0
  },
  "3.0": {
    "precision": 0.8230088495575221,
    "recall": 0.7322834645669292,
    "f1-score": 0.775,
    "support": 127.0
  },
  "4.0": {
    "precision": 0.8849315068493151,
    "recall": 0.9047619047619048,
    "f1-score": 0.8947368421052632,
    "support": 357.0
  },
  "accuracy": 0.8189415041782729,
  "macro avg": {
    "precision": 0.7363654263943682,
    "recall": 0.7444132060971718,
    "f1-score": 0.7377408294012143,
    "support": 718.0
  },
  "weighted avg": {
    "precision": 0.8244412609204913,
    "recall": 0.8189415041782729,
    "f1-score": 0.8202535521165019,
    "support": 718.0
  }
}